chunk_id,x,y
0,-0.3619225323200226,9.931306266253159e-08
1,0.3619227707386017,9.931298450283066e-08
